id,writer,,title,dateline,day,period,place
001-000,annabella-howe,,"Miss Anna Howe, to Miss Clarissa Harlowe",Jan. 10,1747-01-10,,
002-000,clarissa-harlowe,,"Miss Clarissa Harlowe, to Miss Howe","Harlowe-Place, Jan. 13",1747-01-13,,Harlowe-Place
003-000,clarissa-harlowe,,"Miss Clarissa Harlowe, to Miss Howe","Jan. 13, 14",1747-01-13,,
004-000,clarissa-harlowe,,"Miss Clarissa Harlowe, to Miss Howe",,1747-01-15,,
005-000,clarissa-harlowe,,"Miss Clarissa Harlowe, to Miss Howe",,1747-01-20,,
006-000,clarissa-harlowe,,"Miss Clarissa Harlowe, to Miss Howe","Harlowe-Place, Jan. 20",1747-01-20,,Harlowe-Place
007-000,clarissa-harlowe,,"Miss Clarissa Harlowe, to Miss Howe","Harlowe-Place, Feb. 20",1747-02-20,,Harlowe-Place
008-000,clarissa-harlowe,,"Miss Clarissa Harlowe, to Miss Howe",,1747-02-24,,
009-000,clarissa-harlowe,,"Miss Clarissa Harlowe, to Miss Howe","Feb. 26, in the Morning",1747-02-26,morning,
010-000,annabella-howe,,"Miss Howe, to Miss Clarissa Harlowe",,1747-02-27,,
011-000,clarissa-harlowe,,"Miss Clarissa Harlowe, to Miss Howe",,1747-03-01,,
012-000,annabella-howe,,"Miss Howe, to Miss Clarissa Harlowe","Thursday Morning, March 2",1747-03-02,morning,
013-000,clarissa-harlowe,,"Miss Clarissa Harlowe, to Miss Howe","Wednesday, March 1",1747-03-01,,
014-000,clarissa-harlowe,,"Miss Clarissa Harlowe, to Miss Howe","Thursday Evening, March 2",1747-03-02,evening,
015-000,annabella-howe,,"Miss Howe, to Miss Clarissa Harlowe","Friday, March 3",1747-03-03,,
016-000,clarissa-harlowe,,"Miss Clarissa Harlowe, to Miss Howe","Friday, March 3",1747-03-03,,
017-000,clarissa-harlowe,,"Miss Clarissa Harlowe, to Miss Howe",,1747-03-03,,
018-000,clarissa-harlowe,,"Miss Clarissa Harlowe, to Miss Howe",Sat. Mar. 4,1747-03-04,,
019-000,clarissa-harlowe,,"Miss Clarissa Harlowe, to Miss Howe","Sat. March 4, 12 o’clock",1747-03-04,,
020-000,clarissa-harlowe,,"Miss Clarissa Harlowe, to Miss Howe",Sat. Afternoon,1747-03-04,afternoon,
021-000,clarissa-harlowe,,"Miss Clarissa Harlowe, to Miss Howe",Sat. Night,1747-03-04,night,
022-000,clarissa-harlowe,,"Miss Clarissa Harlowe, to Miss Howe","Sunday Morning, March 5",1747-03-05,morning,
022-001,clarissa-harlowe,,,,1747-03-05,,
022-002,james-harlowe-jr,,,,1747-03-05,,
023-000,clarissa-harlowe,,"Miss Clarissa Harlowe, to Miss Howe","Monday Morning, March 6",1747-03-06,morning,
024-000,clarissa-harlowe,,"Miss Clarissa Harlowe, to Miss Howe","Monday, Near 12 o’clock",1747-03-06,night,
024-001,james-harlowe-jr,,,"Monday, Mar. 6.",1747-03-06,,
024-002,clarissa-harlowe,,,,1747-03-06,,
025-000,clarissa-harlowe,,"Miss Clarissa Harlowe, to Miss Howe","Tuesday, March 7",1747-03-07,,
025-001,clarissa-harlowe,,,,1747-03-07,,
025-002,james-harlowe-sr,,,,1747-03-07,,
025-003,clarissa-harlowe,,,,1747-03-07,,
025-004,james-harlowe-sr,,,Wednesday.,1747-03-08,,
026-000,clarissa-harlowe,,"Miss Clarissa Harlowe, to Miss Howe","Thursday Morn., March 9",1747-03-09,morning,
027-000,annabella-howe,,"Miss Howe, to Miss Clarissa Harlowe","Thursday Night, March 9",1747-03-09,night,
028-000,clarissa-harlowe,,"Miss Clarissa Harlowe, to Miss Howe","Friday, March 10",1747-03-10,,
029-000,clarissa-harlowe,,"Miss Clarissa Harlowe, to Miss Howe","Saturday, March 11",1747-03-11,,
029-001,clarissa-harlowe,,,,1747-03-11,,
029-002,james-harlowe-jr,,,,1747-03-12,,
029-003,clarissa-harlowe,,,,1747-03-13,,
029-004,arabella-harlowe,,,,1747-03-14,,
030-000,clarissa-harlowe,,"Miss Clarissa Harlowe, to Miss Howe","Sunday Night, March 12",1747-03-12,night,
031-000,robert-lovelace,,"Mr. Lovelace, to John Belford, Esq.","Monday, March 13",1747-03-13,,
032-000,clarissa-harlowe,,"Miss Clarissa Harlowe, to Miss Howe","Tuesday, March 14",1747-03-14,,
032-001,clarissa-harlowe,,,Sat. March 11.,1747-03-11,,
032-002,john-harlowe,,,Sunday Night.,1747-03-12,night,
032-003,clarissa-harlowe,,,"Saturday, March 11.",1747-03-11,,
032-004,antony-harlowe,,,"Tuesday, Two in the Morning",1747-03-14,,
033-000,clarissa-harlowe,,"Miss Clarissa Harlowe, to Miss Howe","Thursday, March 16",1747-03-16,,
033-001,clarissa-harlowe,,,"Wednesday, March 15.",1747-03-15,,
033-002,roger-solmes,,,,1747-03-15,,
033-003,james-harlowe-jr,,,March 16.,1747-03-16,,
034-000,robert-lovelace,,"Mr. Lovelace, to John Belford, Esq.","Friday, March 17",1747-03-17,,
035-000,robert-lovelace,,"Mr. Lovelace, to John Belford, Esq.",,1747-03-17,,
036-000,clarissa-harlowe,,"Miss Clarissa Harlowe, to Miss Howe","Saturday, March 18",1747-03-18,,
037-000,annabella-howe,,"Miss Howe, to Miss Clarissa Harlowe","Sunday, March 19",1747-03-19,,
038-000,clarissa-harlowe,,"Miss Clarissa Harlowe, to Miss Howe","Monday, March 20",1747-03-20,,
039-000,clarissa-harlowe,,"Miss Clarissa Harlowe, to Miss Howe","Monday, March 12",1747-03-12,,
040-000,clarissa-harlowe,,"Miss Clarissa Harlowe, to Miss Howe",,,,
041-000,clarissa-harlowe,,"Miss Clarissa Harlowe, to Miss Howe","Tuesday, March 21",1747-03-21,,
041-001,charlotte-harlowe,,,,1747-03-21,,
041-002,james-harlowe-sr,,,,1747-03-21,,
042-000,clarissa-harlowe,,"Miss Clarissa Harlowe, to Miss Howe",,1747-03-21,,
042-001,clarissa-harlowe,,,,1747-03-21,,
042-002,james-harlowe-jr,,,,1747-03-20,,
043-000,clarissa-harlowe,,"Miss Clarissa Harlowe, to Miss Howe","Tuesday, March 21",1747-03-21,,
044-000,clarissa-harlowe,,"Miss Clarissa Harlowe, to Miss Howe","Wenesday Morning, Nine o’clock",1747-03-22,morning,
045-000,clarissa-harlowe,,"Miss Clarissa Harlowe, to Miss Howe",,1747-03-22,,
046-000,annabella-howe,,"Miss Howe, to Miss Clarissa Harlowe","Wednesday Night, March 22",1747-03-22,night,
047-000,annabella-howe,,"Miss Howe, to Miss Clarissa Harlowe",Tuesday Morn. 7 o’clock,1747-03-23,morning,
048-000,annabella-howe,,"Miss Howe, to Miss Clarissa Harlowe",Thursday Morn. 10 o’clock (Mar. 23),1747-03-23,morning,
049-000,annabella-howe,,"Miss Howe, to Miss Clarissa Harlowe","Thursday Afternoon, March 23",1747-03-23,afternoon,
050-000,clarissa-harlowe,,"Miss Clarissa Harlowe, to Miss Howe","Wedn. Night, March 22",1747-03-22,,
050-001,james-harlowe-jr,,,,1747-03-22,,
050-002,clarissa-harlowe,,,,1747-03-22,,
051-000,clarissa-harlowe,,"Miss Clarissa Harlowe, to Miss Howe","Thursday Morning, March 23",1747-03-23,morning,
051-001,charlotte-harlowe,,,,1747-03-23,,
051-002,james-harlowe-jr,,,Thursday Morning.,1747-03-23,morning,
051-003,clarissa-harlowe,,,,1747-03-23,,
052-000,clarissa-harlowe,,"Miss Clarissa Harlowe, to Miss Howe","Thursday Night, March 23",1747-03-23,night,
053-000,clarissa-harlowe,,"Miss Clarissa Harlowe, to Miss Howe","Friday Morning, Six o’clock",1747-03-24,morning,
053-001,clarissa-harlowe,,,Friday Morning.,1747-03-24,morning,
054-000,clarissa-harlowe,,"Miss Clarissa Harlowe, to Miss Howe","Friday Night, March 24",1747-03-24,night,
054-001,arabella-harlowe,,,,1747-03-24,,
054-002,clarissa-harlowe,,,,1747-03-24,,
054-003,charlotte-harlowe,,,,1747-03-24,,
055-000,clarissa-harlowe,,"Miss Clarissa Harlowe, to Miss Howe",Friday Midnight,1747-03-24,night,
056-000,annabella-howe,,"Miss Howe, to Miss Clarissa Harlowe","Saturday, March 25",1747-03-25,,
057-000,clarissa-harlowe,,"Miss Clarissa Harlowe, to Miss Howe","Sunday Morning, March 26",1747-03-26,morning,
058-000,annabella-howe,,"Miss Howe, to Miss Clarissa Harlowe",Sat. March 25,1747-03-25,,
059-000,clarissa-harlowe,,"Miss Clarissa Harlowe, to Miss Howe",Sunday Afternoon,1747-03-26,afternoon,
059-001,roger-solmes,,,"Sunday, March 26.",1747-03-26,,
059-002,clarissa-harlowe,,,,1747-03-27,,
059-003,dorothy-hervey,,,,1747-03-28,,
059-004,clarissa-harlowe,,,,1747-03-29,,
060-000,clarissa-harlowe,,"Miss Clarissa Harlowe, to Miss Howe","Monday Morning, March 27",1747-03-27,morning,
060-001,john-harlowe,,,"Sunday Night, or rather Monday Morning.",1747-03-26,morning,
060-002,clarissa-harlowe,,,,1747-03-27,,
061-000,clarissa-harlowe,,"Miss Clarissa Harlowe, to Miss Howe","Monday Afternoon, March 27",1747-03-27,afternoon,
061-001,james-harlowe-jr,,,"Monday, 5 o’clock",1747-03-27,evening,
061-002,clarissa-harlowe,,,Monday Night.,1747-03-27,night,
062-000,clarissa-harlowe,,"Miss Clarissa Harlowe, to Miss Howe","Tuesday Morning, 7 o’clock",1747-03-28,morning,
062-001,john-harlowe,,,Monday Night.,1747-03-27,night,
063-000,clarissa-harlowe,,"Miss Clarissa Harlowe, to Miss Howe","Thursday, Three o’clock, March 28",1747-03-28,afternoon,
063-001,clarissa-harlowe,,,Tuesday Afternoon.,1747-03-28,afternoon,
063-002,john-harlowe,,,,1747-03-28,,
063-003,clarissa-harlowe,,,,1747-03-28,,
063-004,john-harlowe,,,,1747-03-28,,
064-000,clarissa-harlowe,,"Miss Clarissa Harlowe, to Miss Howe","Wednesday Morning, Nine o’clock",1747-03-29,morning,
064-001,robert-lovelace,,,,1747-03-29,,
064-002,clarissa-harlowe,,,Wednesday Morning.,1747-03-29,morning,
065-000,annabella-howe,,"Miss Howe, to Miss Clarissa Harlowe","Thursday Morning, Daybreak, March 30",1747-03-30,morning,
066-000,mrs-howe,,"Mr. Hickman, to Mrs. Howe","Wednesday, March 29",1747-03-29,,
067-000,annabella-howe,,"Mrs. Howe, to Charles Hickman, Esq.","Thursday, March 30",1747-03-30,,
068-000,annabella-howe,,"Miss Howe, to Miss Clarissa Harlowe",Thursday Morning,1747-03-30,,
069-000,clarissa-harlowe,,"Miss Clarissa Harlowe, to Miss Howe","Friday, March 31",1747-03-31,,
070-000,annabella-howe,,"Miss Howe, to Miss Clarissa Harlowe","Thursday Night, March 30",1747-03-30,,
071-000,clarissa-harlowe,,"Miss Clarissa Harlowe, to Miss Howe","Friday, Three o’clock",1747-03-31,afternoon,
072-000,annabella-howe,,"Miss Howe, to Miss Clarissa Harlowe","Friday Noon, March 31",1747-03-31,morning,
073-000,clarissa-harlowe,,"Miss Clarissa Harlowe, to Miss Howe","Saturday, April 1",1747-04-01,,
074-000,annabella-howe,,"Miss Howe, to Miss Clarissa Harlowe","Saturday, April 2",1747-04-02,,
075-000,clarissa-harlowe,,"Miss Clarissa Harlowe, to Miss Howe","Sunday Night, April 2",1747-04-02,,
076-000,clarissa-harlowe,,"Miss Clarissa Harlowe, to Miss Howe",,1747-04-01,,
077-000,clarissa-harlowe,,"Miss Clarissa Harlowe, to Miss Howe","Tuesday Morning, Six o’clock",1747-04-04,morning,
078-000,clarissa-harlowe,,"Miss Clarissa Harlowe, to Miss Howe",Tuesday Evening; and Continued Through the Night,1747-04-04,evening,
079-000,clarissa-harlowe,,"Miss Clarissa Harlowe, to Miss Howe","Wednesday, Eleven o’clock, April 5",1747-04-05,morning,
080-000,clarissa-harlowe,,"Miss Clarissa Harlowe, to Miss Howe","Wednesday, Four o’clock in the Afternoon",1747-04-05,afternoon,
081-000,annabella-howe,,"Miss Howe, to Miss Clarissa Harlowe","Thursday Morning, April 9",1747-04-09,morning,
082-000,clarissa-harlowe,,"Miss Clarissa Harlowe, to Miss Howe","Thursday, April 6",1747-04-06,,
083-000,clarissa-harlowe,,"Miss Clarissa Harlowe, to Miss Howe",Thursday Night,1747-04-06,,
084-000,clarissa-harlowe,,"Miss Clarissa Harlowe, to Miss Howe","Friday Morning, Seven o’clock, April 7",1747-04-07,morning,
085-000,clarissa-harlowe,,"Miss Clarissa Harlowe, to Miss Howe","Friday, One o’clock",1747-04-07,afternoon,
086-000,clarissa-harlowe,,"Miss Clarissa Harlowe, to Miss Howe","Sat. Morn., Eight o’clock, April 8",1747-04-08,morning,
087-000,annabella-howe,,"Miss Howe, to Miss Clarissa Harlowe",Sat. Afternoon,1747-04-08,afternoon,
088-000,clarissa-harlowe,,"Miss Clarissa Harlowe, to Miss Howe",Saturday Afternoon,1747-04-08,afternoon,
089-000,clarissa-harlowe,,"Miss Clarissa Harlowe, to Miss Howe","Sunday Morning, April 9",1747-04-09,morning,
090-000,clarissa-harlowe,,"Miss Clarissa Harlowe, to Miss Howe","Sunday Morning, April 9",1747-04-09,morning,
090-001,dorothy-hervey,,,,1747-04-10,,
091-000,clarissa-harlowe,,"Miss Clarissa Harlowe, to Miss Howe","Ivy Summerhouse, Eleven o’clock",1747-04-09,morning,Ivy Summerhouse
092-000,clarissa-harlowe,,"Miss Clarissa Harlowe, to Miss Howe","St. Alban’s, Tuesday Morn. Past One",1747-04-10,,
093-000,annabella-howe,,"Miss Howe, to Miss Clarissa Harlowe","Tuesday, Nine o’clock",1747-04-10,morning,
094-000,clarissa-harlowe,,"Miss Clarissa Harlowe, to Miss Howe",Tuesday Night,1747-04-10,night,
095-000,robert-lovelace,,"Mr. Lovelace, to Joseph Leman",Sat. April 8,1747-04-08,,
096-000,joseph-leman,,"To Robert Lovelace, Esquier, His Honner","Sunday Morning, April 9",1747-04-09,morning,
097-000,robert-lovelace,,"Mr. Lovelace, to John Belford, Esq.","St. Alban’s, Monday Night",1747-04-09,night,St. Alban’s
098-000,clarissa-harlowe,,"Miss Clarissa Harlowe, to Miss Howe","Wednesday, April 12",1747-04-12,,
099-000,robert-lovelace,,"Mr. Lovelace, to John Belford, Esq.","Tuesday, Wedn. April 11, 12",1747-04-11,,
100-000,annabella-howe,,"Miss Howe, to Miss Clarissa Harlowe","Wednesday Night, April 12",1747-04-12,,
101-000,clarissa-harlowe,,"Miss Clarissa Harlowe, to Miss Howe","Thursday Afternoon, April 13",1747-04-13,afternoon,
102-000,clarissa-harlowe,,To Miss Arabella Harlowe,"St. Alban’s, Apr. 11",1747-04-11,,St. Alban’s
103-000,robert-lovelace,,"Mr. Lovelace, to John Belford, Esq.",,1747-04-11,,
104-000,robert-lovelace,,"Mr. Lovelace, to John Belford, Esq.",,1747-04-11,,
105-000,robert-lovelace,,"Mr. Lovelace, to John Belford, Esq.",,1747-04-11,,
106-000,robert-lovelace,,"Mr. Lovelace, to John Belford, Esq.",,1747-04-12,,
107-000,clarissa-harlowe,,"Miss Clarissa Harlowe, to Miss Howe","Thursday Night, April 13",1747-04-13,night,
108-000,robert-lovelace,,"Mr. Lovelace, to John Belford, Esq.","Tuesday, Apr. 13",1747-04-13,,
109-000,robert-lovelace,,"Mr. Lovelace, to John Belford, Esq.",,1747-04-13,,
110-000,robert-lovelace,,"Mr. Lovelace, to John Belford, Esq.",,1747-04-13,,
111-000,annabella-howe,,"Miss Howe, to Miss Clarissa Harlowe",,1747-04-13,,
112-000,clarissa-harlowe,,"Miss Clarissa Harlowe, to Miss Howe",,1747-04-13,,
113-000,clarissa-harlowe,,"Miss Clarissa Harlowe, to Miss Howe",,1747-04-13,,
114-000,clarissa-harlowe,,"Miss Clarissa Harlowe, to Miss Howe",,1747-04-13,,
115-000,robert-lovelace,,"Mr. Lovelace, to John Belford, Esq.","Friday, April 14",1747-04-14,,
116-000,clarissa-harlowe,,"Miss Clarissa Harlowe, to Miss Howe","Friday, Apr. 14",1747-04-14,,
117-000,robert-lovelace,,"Mr. Lovelace, to John Belford, Esq.","Friday, Apr. 14",1747-04-14,,
118-000,robert-lovelace,,"Mr. Lovelace, to John Belford, Esq.",,1747-04-14,,
119-000,annabella-howe,,"Miss Howe, to Mis Clarissa Harlowe","Saturday, April 15",1747-04-15,,
120-000,clarissa-harlowe,,"Miss Clarissa Harlowe, to Miss Howe",Sat. Afternoon,1747-04-15,afternoon,
121-000,clarissa-harlowe,,"Miss Clarissa Harlowe, to Miss Howe",Saturday Evening,1747-04-15,evening,
122-000,clarissa-harlowe,,"Miss Clarissa Harlowe, to Miss Howe","Sunday Night, April 16",1747-04-16,night,
123-000,clarissa-harlowe,,"Miss Clarissa Harlowe, to Miss Howe",,1747-04-16,,
124-000,clarissa-harlowe,,"Miss Clarissa Harlowe, to Miss Howe",,1747-04-16,,
125-000,clarissa-harlowe,,Miss Clarissa Harlowe,,1747-04-16,,
126-000,clarissa-harlowe,,Miss Clarissa Harlowe,"Monday Morning, April 17",1747-04-17,morning,
127-000,robert-lovelace,,"Mr. Lovelace, to John Belford, Esq.","Sat., Sunday, Monday",1747-04-15,,
128-000,annabella-howe,,"Miss Howe, to Miss Clarissa Harlowe","Tuesday, April 18",1747-04-18,,
129-000,clarissa-harlowe,,"Miss Clarissa Harlowe, to Miss Howe","Wedn. Morning, April 19",1747-04-19,morning,
130-000,clarissa-harlowe,,"Miss Clarissa Harlowe, to Miss Howe","Thursday, April 20",1747-04-20,,
130-001,mrs-doleman,,,"Tuesday Night, April 18.",1747-04-18,,
131-000,robert-lovelace,,"Mr. Lovelace, to John Belford, Esq.","Thursday, April 20",1747-04-20,,
132-000,annabella-howe,,"Miss Howe, to Miss Clarissa Harlowe","Wednesday, April 19",1747-04-19,,
133-000,clarissa-harlowe,,"Miss Clarissa Harlowe, to Miss Howe","Tuesday, April 20",1747-04-20,,
134-000,clarissa-harlowe,,Miss Clarissa Harlowe,,1747-04-20,,
135-000,clarissa-harlowe,,Miss Clarissa Harlowe,,1747-04-20,,
136-000,annabella-howe,,"Miss Howe, to Miss Clarissa Harlowe","Friday Morning, April 21",1747-04-21,morning,
137-000,clarissa-harlowe,,"Miss Clarissa Harlowe, to Miss Howe","Friday, April 22",1747-04-22,,
138-000,robert-lovelace,,"Mr. Lovelace, to John Belford, Esq.","Friday, April 21",1747-04-21,,
139-000,joseph-leman,,"To Robert Lovelace, Esq. His Honner",Sat. April 15,1747-04-15,,
140-000,robert-lovelace,,"Mr. Lovelace, to Joseph Leman","Monday, April 17",1747-04-17,,
141-000,clarissa-harlowe,,"Miss Clarissa Harlowe, to Mrs. Hervey","Thursday, April 20",1747-04-20,,
142-000,annabella-howe,,"Miss Howe, to Miss Clarissa Harlowe","Saturday, April 22",1747-04-22,,
143-000,john-belford,,"Mr. Belford, to Robert Lovelace, Esq.","Friday, April 21",1747-04-21,,
144-000,dorothy-hervey,,"Mrs. Hervey, to Miss Clarissa Harlowe","Friday, April 21",1747-04-21,,
145-000,clarissa-harlowe,,"Miss Clarissa Harlowe, to Miss Howe",Sat. Morn. April 22,1747-04-22,morning,
146-000,clarissa-harlowe,,"Miss Clarissa Harlowe, to Miss Howe","Saturday Afternoon, April 22",1747-04-22,afternoon,
147-000,arabella-harlowe,,To Miss Clarissa Harlowe,"Friday, April 21",1747-04-21,,
148-000,annabella-howe,,"Miss Howe, to Miss Clarissa Harlowe","Tuesday, April 25",1747-04-25,,
149-000,clarissa-harlowe,,"Miss Clarissa Harlowe, to Miss Howe","Wednesday Morning, April 26",1747-04-26,morning,
150-000,annabella-howe,,"Miss Howe, to Miss Clarissa Harlowe","Thursday, April 27",1747-04-27,,
151-000,annabella-howe,,From Miss Howe,"Thursday, April 27",1747-04-27,,
152-000,robert-lovelace,,"Mr. Lovelace, to John Belford, Esq.","Monday, April 24",1747-04-24,,
153-000,robert-lovelace,,"Mr. Lovelace, to John Belford, Esq.","Tuesday, April 25",1747-04-25,,
154-000,robert-lovelace,,"Mr. Lovelace, to John Belford, Esq.",Wedn. April 26,1747-04-26,,
155-000,clarissa-harlowe,,"Miss Clarissa Harlowe, to Miss Howe","Wednesday Afternoon, April 26",1747-04-26,afternoon,
156-000,annabella-howe,,"Miss Howe, to Miss Clarissa Harlowe","Thursday Night, April 27",1747-04-27,night,
157-000,clarissa-harlowe,,"Miss Clarissa Harlowe, to Miss Howe","Thursday Morning, Eight o’clock",1747-04-27,morning,
158-000,clarissa-harlowe,,"Miss Clarissa Harlowe, to Miss Howe","Friday, April 28",1747-04-28,,
159-000,robert-lovelace,,"Mr. Lovelace, to John Belford, Esq.",Sunday,1747-04-30,,
160-000,clarissa-harlowe,,"Miss Clarissa Harlowe, to Miss Howe","Sunday, April 30",1747-04-30,,
161-000,clarissa-harlowe,,"Miss Clarissa Harlowe, to Miss Howe","Monday Night, May 1",1747-05-01,night,
162-000,clarissa-harlowe,,"Miss Clarissa Harlowe, to Miss Howe",Monday Midnight,1747-05-01,night,
163-000,clarissa-harlowe,,"Miss Clarissa Harlowe, to Miss Howe","Tuesday, May 2",1747-05-02,,
164-000,annabella-howe,,"Miss Howe, to Miss Clarissa Harlowe",Wedn. May 3,1747-05-03,,
165-000,clarissa-harlowe,,"Miss Clarissa Harlowe, to Miss Howe","Thursday, May 4",1747-05-04,,
166-000,charles-hickman,,"Mr. Hickman, to Miss Clarissa Harlowe","Friday, May 5",1747-05-05,,
167-000,robert-lovelace,,"Mr. Lovelace, to John Belford, Esq.","Tuesday, May 2",1747-05-02,,
168-000,robert-lovelace,,"Mr. Lovelace, to John Belford, Esq.","Tuesday, May 2",1747-05-02,,
169-000,john-belford,,"Mr. Belford, to Robert Lovelace, Esq.","Edgware, Tuesday Night, May 2",1747-05-02,night,Edgware
170-000,robert-lovelace,,"Mr. Lovelace, to John Belford, Esq.","Wednesday, May 3",1747-05-03,,
171-000,robert-lovelace,,Mr. Lovelace,,1747-05-03,,
172-000,john-belford,,"Mr. Belford, to Robert Lovelace, Esq.","Edgeware, Thursday, May 4",1747-05-04,,Edgware
173-000,clarissa-harlowe,,"Miss Clarissa Harlowe, to Miss Howe",,1747-05-05,,
173-001,william-morden,,,"Florence, April 13.",1747-04-13,,Florence
174-000,clarissa-harlowe,,"Miss Clarissa Harlowe, to Miss Howe","Sunday Night, May 7",1747-05-07,night,
175-000,robert-lovelace,,"Mr. Lovelace, to John Belford, Esq.","Tuesday, May 9",1747-05-09,,
176-000,clarissa-harlowe,,"Miss Clarissa Harlowe, to Miss Howe","Tuesday, May 9",1747-05-09,,
177-000,annabella-howe,,"Miss Howe, to Miss Clarissa Harlowe","Wednesday, May 10",1747-05-10,,
178-000,clarissa-harlowe,,"Miss Clarissa Harlowe, to Miss Howe","Friday, May 12",1747-05-12,,
179-000,annabella-howe,,"Miss Howe, to Mrs. Judith Norton","Thursday, May 11",1747-05-11,,
180-000,judith-norton,,"Mrs. Norton, to Miss Howe","Saturday, May 13",1747-05-13,,
181-000,annabella-howe,,"Miss Howe, to Mrs. Judith Norton","Saturday Evening, May 13",1747-05-13,evening,
182-000,charlotte-harlowe,,"Mrs. Harlowe, to Mrs. Norton","Saturday, May 13",1747-05-13,,
183-000,annabella-howe,,"Miss Howe, to Miss Clarissa Harlowe","Sunday, May 14",1747-05-14,,
184-000,clarissa-harlowe,,"Miss Clarissa Harlowe, to Miss Howe","Monday Afternoon, May 15",1747-05-15,afternoon,
185-000,clarissa-harlowe,,"Miss Clarissa Harlowe, to Miss Howe","Tuesday, May 16",1747-05-16,,
186-000,clarissa-harlowe,,"Miss Clarissa Harlowe, to Miss Howe","Tuesday Night, May 16",1747-05-16,night,
186-001,robert-lovelace,,,,1747-05-16,,
187-000,clarissa-harlowe,,"Miss Clarissa Harlowe, to Miss Howe","Wednesday Morning, May 17",1747-05-17,morning,
188-000,annabella-howe,,"Miss Howe, to Miss Clarissa Harlowe","Thursday, May 18",1747-05-18,,
189-000,john-belford,,"Mr. Belford, to Robert Lovelace, Esq.","Wednesday, May 17",1747-05-17,,
190-000,lord-montague,,"Lord M. to John Belford, Esq.","M. Hall, Monday, May 15",1747-05-15,,M. Hall
191-000,robert-lovelace,,"Mr. Lovelace, to John Belford, Esq.","Friday Night, May 19",1747-05-19,night,
191-001,robert-lovelace,,,,1747-05-19,,
192-000,john-belford,,"Mr. Belford, to Robert Lovelace, Esq.","Saturday, May 20",1747-05-20,,
193-000,robert-lovelace,,"Mr. Lovelace, to John Belford, Esq.","Saturday, May 20",1747-05-20,,
194-000,robert-lovelace,,"Mr. Lovelace, to John Belford, Esq.",,1747-05-20,,
195-000,clarissa-harlowe,,"Miss Clarissa Harlowe, to Miss Howe","Friday, May 19",1747-05-19,,
196-000,annabella-howe,,"Miss Howe, to Miss Clarissa Harlowe","Saturday, May 20",1747-05-20,,
197-000,annabella-howe,,"Miss Howe, to Miss Clarissa Harlowe","Sat. Sunday, May 20, 21",1747-05-20,,
197-001,antony-harlowe,,,"Monday, May 15.",1747-04-15,,
198-000,robert-lovelace,,"Mr. Lovelace, to John Belford, Esq.","Sunday, May 21",1747-05-21,,
199-000,robert-lovelace,,"Mr. Lovelace, to John Belford, Esq.",,1747-05-21,,
200-000,clarissa-harlowe,,"Miss Clarissa Harlowe, to Miss Howe","Sunday Morning, Seven o’clock",1747-05-21,morning,
201-000,robert-lovelace,,"Mr. Lovelace, to John Belford, Esq.","Monday Morning, May 22",1747-05-22,morning,
202-000,robert-lovelace,,"Mr. Lovelace, to John Belford, Esq.","Tuesday Morning, May 23",1747-05-23,morning,
202-001,clarissa-harlowe,,,May 20,1747-05-20,,
203-000,robert-lovelace,,"Mr. Lovelace, to John Belford, Esq.","Tuesday, May 23",1747-05-23,,
203-001,charlotte-montague,,,"M. Hall, May 22.",1747-05-22,,
204-000,robert-lovelace,,"Mr. Lovelace, to John Belford, Esq.","Wednesday, May 24",1747-05-24,,
205-000,robert-lovelace,,"Mr. Lovelace, to John Belford, Esq.",,1747-05-24,,
206-000,lord-montague,,"Lord M. to Robert Lovelace, Esq.","Tuesday, May 23",1747-05-23,,
207-000,robert-lovelace,,"Mr. Lovelace, to John Belford, Esq.","Thursday, May 25",1747-05-25,,
208-000,robert-lovelace,,"Mr. Lovelace, to John Belford, Esq.",,1747-05-25,,
209-000,robert-lovelace,,"Mr. Lovelace, to John Belford, Esq.",,1747-05-25,,
210-000,robert-lovelace,,"Mr. Lovelace, to John Belford, Esq.",Friday Evening,1747-05-26,evening,
211-000,robert-lovelace,,"Mr. Lovelace, to John Belford, Esq.","Cocoa-Tree, Saturday, May 27",1747-05-27,,Cocoa-Tree
212-000,clarissa-harlowe,,"Miss Clarissa Harlowe, to Miss Howe","Saturday, May 27",1747-05-27,,
213-000,robert-lovelace,,"Mr. Lovelace, to John Belford, Esq.",Sat. Evening,1747-05-27,evening,
214-000,robert-lovelace,,"Mr. Lovelace, to John Belford, Esq.","Sunday, May 28",1747-05-28,,
215-000,robert-lovelace,,"Mr. Lovelace, to John Belford, Esq.",Sunday Night,1747-05-28,night,
216-000,robert-lovelace,,"Mr. Lovelace, to John Belford, Esq.","Monday, May 29",1747-05-29,,
217-000,robert-lovelace,,"Mr. Lovelace, to John Belford, Esq.",,1747-05-29,,
218-000,robert-lovelace,,"Mr. Lovelace, to John Belford, Esq.","Tuesday, May 30",1747-05-30,,
219-000,robert-lovelace,,"Mr. Lovelace, to John Belford, Esq.","Friday, June 2",1747-06-02,,
220-000,robert-lovelace,,"Mr. Lovelace, to John Belford, Esq.","Monday, June 5",1747-06-05,,
221-000,robert-lovelace,,"Mr. Lovelace, to John Belford, Esq.",Monday Afternoon,1747-06-05,afternoon,
222-000,john-belford,,"Mr. Belford, to Robert Lovelace, Esq.","Tuesday, June 6",1747-06-06,,
223-000,robert-lovelace,,"Mr. Lovelace, to John Belford, Esq.","Tuesday Afternoon, June 6",1747-06-06,afternoon,
224-000,robert-lovelace,,"Mr. Lovelace, to John Belford, Esq.","Wednesday Night, Eleven o’clock",1747-06-07,night,
225-000,robert-lovelace,,"Mr. Lovelace, to John Belford, Esq.","Thursday Morning, Five o’clock, (June 8).",1747-06-08,morning,
226-000,robert-lovelace,,"Mr. Lovelace, to John Belford, Esq.","Thursday Morning, Eight o’clock",1747-06-08,morning,
226-001,clarissa-harlowe,,,,1747-06-08,,
227-000,robert-lovelace,,"Mr. Lovelace, to John Belford, Esq.","King’s Arms, Pall-Mall, Thursday, Two o’clock",1747-06-08,afternoon,"King’s Arms, Pall-Mall"
227-001,robert-lovelace,,,,1747-06-08,,
227-002,clarissa-harlowe,,,,1747-06-08,,
227-003,robert-lovelace,,,,1747-06-08,,
227-004,clarissa-harlowe,,,,1747-06-08,,
227-005,robert-lovelace,,,,1747-06-08,,
228-000,robert-lovelace,,"Mr. Lovelace, to John Belford, Esq.","Thursday Evening, June 8",1747-06-08,evening,
229-000,robert-lovelace,,"Mr. Lovelace, to John Belford, Esq.",,1747-06-08,,
229-001,annabella-howe,,,"Wednesday, June 7.",1747-06-07,,
229-002,clarissa-harlowe,,,,1747-06-08,,
230-000,clarissa-harlowe,,"Miss Clarissa Harlowe, to Miss Howe","Thursday Evening, June 8",1747-06-08,evening,
231-000,robert-lovelace,,"Mr. Lovelace, to John Belford, Esq.","Friday Morning, Past Two o’clock",1747-06-09,,
231-001,william-summers,,,,1747-06-08,,
231-002,clarissa-harlowe,,,"Thursday, June 8.",1747-06-08,,
231-003,clarissa-harlowe,,,"Thursday, June 8.",1747-06-08,,
232-000,robert-lovelace,,"Mr. Lovelace, to John Belford, Esq.","Upper-Flask, Hampstead. Fri. Morn. 7 o’clock. (June 9).",1747-06-09,morning,"Upper-Flask, Hampstead"
233-000,robert-lovelace,,"Mr. Lovelace, to John Belford, Esq.","Hampstead, Friday Night, June 9",1747-06-09,night,Hampstead
233-001,patrick-mcdonald,,,Wedn. June 7.,1747-06-07,,
233-002,elizabeth-lawrance,,,Wed. Morn. June 7.,1747-06-07,morning,
233-003,charlotte-montague,,,,1747-06-07,,
233-004,lord-montague,,,"M. Hall, Wedn. June 7.",1747-06-07,,M. Hall
234-000,robert-lovelace,,"Mr. Lovelace, to John Belford, Esq.",,1747-06-09,,
235-000,robert-lovelace,,"Mr. Lovelace, to John Belford, Esq.",,1747-06-09,,
236-000,robert-lovelace,,Mr. Lovelace,,1747-06-09,,
237-000,robert-lovelace,,Mr. Lovelace,,1747-06-09,,
238-000,robert-lovelace,,Mr. Lovelace,,1747-06-09,,
238-001,annabella-howe,,,,1747-06-09,,
239-000,robert-lovelace,,Mr. Lovelace,,1747-06-09,,
239-001,annabella-howe,,,,1747-06-07,,
240-000,robert-lovelace,,"Mr. Lovelace, to John Belford, Esq.","Saturday, Six o’clock, June 10",1747-06-10,evening,
240-001,clarissa-harlowe,,,"Hampstead, Tues. Even.",1747-06-07,evening,Hampstead
241-000,robert-lovelace,,"Mr. Lovelace, to John Belford, Esq.","Eight o’clock, Sat. Morn. June 10",1747-06-10,morning,
242-000,robert-lovelace,,"Mr. Lovelace, to John Belford, Esq.",From My Apartments at Mrs. Moore’s,1747-06-10,,
243-000,robert-lovelace,,"Mr. Lovelace, to John Belford, Esq.","Sat Night, June 10",1747-06-10,,
244-000,robert-lovelace,,Mr. Lovelace,,1747-06-10,,
245-000,robert-lovelace,,"Mr. Lovelace, to John Belford, Esq.",,1747-06-10,,
246-000,robert-lovelace,,"Mr. Lovelace, to John Belford, Esq.",Sat. Midnight,1747-06-10,night,
247-000,robert-lovelace,,"Mr. Lovelace, to John Belford, Esq.",Sunday Morn. (June 11). Four o’clock,1747-06-11,morning,
248-000,robert-lovelace,,"Mr. Lovelace, to John Belford, Esq.",Sunday Morning,1747-06-11,morning,
249-000,robert-lovelace,,"Mr. Lovelace, to John Belford, Esq.",,1747-06-11,,
250-000,robert-lovelace,,"Mr. Lovelace, to John Belford, Esq.",Sunday Afternoon,1747-06-11,afternoon,
251-000,robert-lovelace,,Mr. Lovelace,,1747-06-11,,
252-000,robert-lovelace,,"Mr. Lovelace, to John Belford, Esq.",,1747-06-11,,
252-001,annabella-howe,,,"At Mrs. Moore’s, at Hampstead. June 10.",1747-06-10,,Hampstead
253-000,robert-lovelace,,"Mr. Lovelace, to John Belford, Esq.",Sunday Night⁠—Monday Morning,1747-06-11,night,
254-000,robert-lovelace,,"Mr. Lovelace, to John Belford, Esq.","Monday, June 12",1747-06-12,,
255-000,robert-lovelace,,"Mr. Lovelace, to John Belford, Esq.",,1747-06-12,,
256-000,robert-lovelace,,"Mr. Lovelace, to John Belford, Esq.","At Mrs. Sinclair’s, Monday Afternoon",1747-06-12,afternoon,
256-001,elizabeth-lawrance,,,Monday Night.,1747-06-12,night,
257-000,robert-lovelace,,"Mr. Lovelace, to John Belford, Esq.","Tuesday Morning, June 13",1747-06-13,morning,
258-000,john-belford,,"Mr. Belford, to Robert Lovelace, Esq.","Watford, Wedn. Jan. 14",1747-01-14,,Watford
259-000,robert-lovelace,,"Mr. Lovelace, to John Belford, Esq.","Thursday, June 15",1747-06-15,,
260-000,robert-lovelace,,"Mr. Lovelace, to John Belford, Esq.",,1747-06-15,,
261-000,robert-lovelace,,"Mr. Lovelace, to John Belford, Esq.","Friday, June 16",1747-06-16,,
261-001,clarissa-harlowe,,,,1747-06-15,,
261-002,clarissa-harlowe,,,,1747-06-15,,
261-003,clarissa-harlowe,,,,1747-06-15,,
261-004,clarissa-harlowe,,,,1747-06-15,,
261-005,clarissa-harlowe,,,,1747-06-15,,
261-006,clarissa-harlowe,,,,1747-06-15,,
261-007,clarissa-harlowe,,,,1747-06-15,,
261-008,clarissa-harlowe,,,,1747-06-15,,
261-009,clarissa-harlowe,,,,1747-06-15,,
261-010,clarissa-harlowe,,,,1747-06-15,,
261-011,clarissa-harlowe,,,,1747-06-15,,
262-000,robert-lovelace,,"Mr. Lovelace, to John Belford, Esq.","Sunday Afternoon, Six o’clock, (June 18).",1747-06-18,afternoon,
263-000,robert-lovelace,,"Mr. Lovelace, to John Belford, Esq.",Sunday Night,1747-06-18,night,
264-000,robert-lovelace,,"Mr. Lovelace, to John Belford, Esq.",Monday Morn. Five o’clock (June 19).,1747-06-19,morning,
265-000,robert-lovelace,,"Mr. Lovelace, to John Belford, Esq.",,1747-06-19,,
266-000,robert-lovelace,,"Mr. Lovelace, to John Belford, Esq.",Monday Afternoon,1747-06-19,afternoon,
267-000,robert-lovelace,,"Mr. Lovelace, to John Belford, Esq.",,1747-06-19,,
268-000,robert-lovelace,,"Mr. Lovelace, to John Belford, Esq.",,1747-06-19,,
269-000,robert-lovelace,,"Mr. Lovelace, to John Belford, Esq.",Tuesday Morn. June 20,1747-06-20,morning,
269-001,clarissa-harlowe,,,"Monday, June 19.",1747-06-19,,
270-000,robert-lovelace,,"Mr. Lovelace, to John Belford, Esq.",Tues. Morn. Ten o’clock,1747-06-20,morning,
271-000,robert-lovelace,,"Mr. Lovelace, to John Belford, Esq.",,1747-06-20,,
272-000,robert-lovelace,,"Mr. Lovelace, to John Belford, Esq.","Tuesday Night, June 20",1747-06-20,night,
272-001,patrick-mcdonald,,,"Monday, June 19.",1747-06-19,,
273-000,robert-lovelace,,"Mr. Lovelace, to John Belford, Esq.","Wedn. Noon, June 21",1747-06-21,morning,
274-000,robert-lovelace,,"Mr. Lovelace, to John Belford, Esq.",Wednesday Afternoon,1747-06-21,afternoon,
275-000,robert-lovelace,,"Mr. Lovelace, to John Belford, Esq.",Wednesday Night,1747-06-21,night,
275-001,annabella-howe,,,"Tuesday, June 20.",1747-06-20,,
276-000,robert-lovelace,,"Mr. Lovelace, to John Belford, Esq.","Thursday Noon, June 22",1747-06-22,morning,
277-000,robert-lovelace,,"Mr. Lovelace, to John Belford, Esq.",Thursday Night,1747-06-22,,
278-000,robert-lovelace,,"Mr. Lovelace, to John Belford, Esq.","June 23, Friday Morning",1747-06-23,morning,
279-000,robert-lovelace,,"Mr. Lovelace, to John Belford, Esq.",,1747-06-23,,
280-000,robert-lovelace,,"Mr. Lovelace, to John Belford, Esq.",,1747-06-23,,
281-000,robert-lovelace,,"Mr. Lovelace, to John Belford, Esq.","Friday Night, or rather Sat. Morn. One o’clock",1747-06-23,night,
282-000,robert-lovelace,,"Mr. Lovelace, to Miss Clarissa Harlowe","M. Hall, Sat. Night, June 24",1747-06-24,night,M. Hall
283-000,robert-lovelace,,"Mr. Lovelace, to Miss Clarissa Harlowe","M. Hall, Sunday Night, June 25",1747-06-25,night,M. Hall
284-000,robert-lovelace,,"Mr. Lovelace, to Miss Clarissa Harlowe","M. Hall, Monday, June 26",1747-06-26,,M. Hall
285-000,robert-lovelace,,"Mr. Lovelace, to John Belford, Esq.","Monday, June 26",1747-06-26,,
286-000,john-belford,,"Mr. Belford, to Robert Lovelace, Esq.","London, June 27. Tuesday",1747-06-27,,
287-000,robert-lovelace,,"Mr. Lovelace, to John Belford, Esq.","M. Hall, June 27. Tuesday Night, Near 12",1747-06-27,night,M. Hall
288-000,robert-lovelace,,"Mr. Lovelace, to Miss Clarissa Harlowe","M. Hall, Wed. Morning, One o’clock, June 28",1747-06-28,morning,M. Hall
289-000,robert-lovelace,,To Mr. Patrick McDonald,"Westminster M. Hall, Wedn. Morning, Two o’clock",1747-06-28,morning,Westminster M. Hall
290-000,robert-lovelace,,To Captain Tomlinson,"M. Hall, Tuesday Morn., June 27",1747-06-27,morning,M. Hall
291-000,patrick-mcdonald,,"To Robert Lovelace, Esq.","Wedn. June 28, Near Twelve o’clock",1747-06-28,morning,
292-000,richard-mowbray,,"Mr. Mowbray, to Robert Lovelace, Esq.","Wednesday, Twelve o’clock",1747-06-28,morning,
293-000,john-belford,,"Mr. Belford, to Robert Lovelace, Esq.","Thursday, June 29",1747-06-29,,
294-000,robert-lovelace,,"Mr. Lovelace, to John Belford, Esq.","Friday, June 30",1747-06-30,,
295-000,clarissa-harlowe,,"Miss Clarissa Harlowe, to Miss Howe","Wednesday Night, June 28",1747-06-28,night,
296-000,annabella-howe,,"Mrs. Howe, to Miss Clarissa Harlowe","Friday, June 30",1747-06-30,,
297-000,clarissa-harlowe,,"Miss Clarissa Harlowe, to Mrs. Howe","Saturday, July 1",1747-07-01,,
298-000,clarissa-harlowe,,"Miss Clarissa Harlowe, to Hannah Burton","Thursday, June 29",1747-06-29,,
299-000,hannah-burton,,Hannah Burton,"Monday, July 3",1747-07-03,,
300-000,clarissa-harlowe,,"Miss Clarissa Harlowe, to Mrs. Judith Norton","Thursday, June 29",1747-06-29,,
301-000,judith-norton,,Mrs. Norton,"Saturday, July 1",1747-07-01,,
302-000,clarissa-harlowe,,"Miss Cl. Harlowe, to Lady Betty Lawrance","Thursday, June 29",1747-06-29,,
303-000,elizabeth-lawrance,,"Lady Betty Lawrance, to Miss Cl. Harlowe","Saturday, July 1",1747-07-01,,
304-000,clarissa-harlowe,,"Miss Clarissa Harlowe, to Mrs. Hodges Enfield",June 22,1747-06-22,,
305-000,sarah-hodges,,Mrs. Hodges,Sat. July 2,1747-07-02,,
306-000,clarissa-harlowe,,"Miss Cl. Harlowe, to Lady Betty Lawrance","Monday, July 3",1747-07-03,,
307-000,clarissa-harlowe,,"Miss Clarissa Harlowe, to Mrs. Norton","Sunday Evening, July 2",1747-07-02,evening,
308-000,judith-norton,,"Mrs. Norton, to Miss Clarissa Harlowe","Monday Night, July 3",1747-07-03,night,
309-000,clarissa-harlowe,,"Miss Clarissa Harlowe, to Mrs. Judith Norton","Thursday, July 6",1747-07-06,,
310-000,annabella-howe,,"Miss Howe, to Miss Clarissa Harlowe","Wednesday, July 5",1747-07-05,,
311-000,clarissa-harlowe,,"Miss Clarissa Harlowe, to Miss Howe","Thursday, July 6",1747-07-06,,
312-000,clarissa-harlowe,,"Miss Clarissa Harlowe, to Miss Howe",Thursday Night,1747-07-06,night,
313-000,clarissa-harlowe,,Miss Clarissa Harlowe,,1747-07-06,,
314-000,clarissa-harlowe,,"Miss Clarissa Harlowe, to Miss Howe",,1747-07-07,,
315-000,clarissa-harlowe,,Miss Clarissa Harlowe,,1747-07-07,,
316-000,annabella-howe,,"Miss Howe, to Miss Clarissa Harlowe","Sunday, July 9",1747-07-09,,
317-000,annabella-howe,,"Miss Howe, to Miss Clarissa Harlowe","Monday, July 10",1747-07-10,,
318-000,clarissa-harlowe,,"Miss Clarissa Harlowe, to Miss Howe","Tuesday, July 11",1747-07-11,,
319-000,annabella-howe,,"Miss Howe, to Miss Clarissa Harlowe","Wed. Night, July 12",1747-07-12,,
320-000,clarissa-harlowe,,"Miss Clarissa Harlowe, to Miss Howe","Thursday, July 13",1747-07-13,,
321-000,robert-lovelace,,"Mr. Lovelace, to John Belford, Esq.","Friday, July 7",1747-07-07,,
322-000,robert-lovelace,,"Mr. Lovelace, to John Belford, Esq.","Six, Saturday Morning, July 8",1747-07-08,morning,
323-000,robert-lovelace,,"Mr. Lovelace, to John Belford, Esq.","Sunday Night, July 9",1747-07-09,night,
324-000,robert-lovelace,,Mr. Lovelace,,1747-07-09,,
325-000,robert-lovelace,,Mr. Lovelace,,1747-07-09,,
326-000,robert-lovelace,,"Mr. Lovelace, to John Belford, Esq.",Wedn. July 12,1747-07-12,,
327-000,annabella-howe,,"Miss Howe, to Miss Clarissa Harlowe","Thursday Night, July 13",1747-07-13,night,
328-000,annabella-howe,,"Miss Howe, to Miss Clarissa Harlowe","Sunday Night, July 16",1747-07-16,night,
329-000,annabella-howe,,"Miss Howe, to Miss Charlotte Montague",Tuesday Morn. July 18,1747-07-18,morning,
330-000,robert-lovelace,,"Mr. Lovelace, to John Belford, Esq.","M. Hall, Sat. Night, June 15",1747-06-15,night,M. Hall
331-000,charlotte-montague,,"Miss Charlotte Montague, to Miss Howe M. Hall,",Tuesday Afternoon,1747-07-18,afternoon,
332-000,charlotte-montague,,"Miss Montague, to Miss Howe","M. Hall, July 18",1747-07-18,,M. Hall
333-000,john-belford,,"Mr. Belford, to Robert Lovelace, Esq.","Sunday Night, July 16",1747-07-16,night,
334-000,john-belford,,"Mr. Belford, to Robert Lovelace, Esq.","Monday, July 17",1747-07-17,,
335-000,robert-lovelace,,"Mr. Lovelace, to John Belford, Esq.","Monday, July 17, Eleven at Night",1747-07-17,night,
336-000,john-belford,,"Mr. Belford, to Robert Lovelace, Esq.","Monday Night, July 17",1747-07-17,,
337-000,john-belford,,"Mr. Belford, to Robert Lovelace, Esq.","Tuesday Morn. July 18, Six o’clock",1747-07-18,morning,
338-000,john-belford,,"Mr. Belford, to Robert Lovelace, Esq.","Tuesday, July 18. Afternoon",1747-07-18,afternoon,
339-000,john-belford,,"Mr. Belford, to Robert Lovelace, Esq.","Tuesday Night, July 18",1747-07-18,,
340-000,john-belford,,"Mr. Belford, to Robert Lovelace, Esq.","Wednesday, July 19",1747-07-19,,
341-000,robert-lovelace,,"Mr. Lovelace, to John Belford, Esq.","M. Hall, Wed. Night, July 19",1747-07-19,night,M. Hall
342-000,annabella-howe,,"Miss Howe, to Miss Clarissa Harlowe",Thursday Morn. July 20,1747-06-20,morning,
343-000,clarissa-harlowe,,"Miss Clarissa Harlowe, to Miss Howe",Thursday Afternoon,1747-06-20,afternoon,
344-000,john-belford,,"Mr. Belford, to Robert Lovelace, Esq.","Thurday, July 20",1747-07-20,,
345-000,john-belford,,"Mr. Belford, to Robert Lovelace, Esq.",Thursday Night,1747-06-20,night,
346-000,robert-lovelace,,"Mr. Lovelace, to John Belford, Esq.","M. Hall, Friday, July 21",1747-07-21,,M. Hall
347-000,robert-lovelace,,"Mr. Lovelace, to John Belford, Esq.","Friday Night, July 21",1747-07-21,,
348-000,john-belford,,"Mr. Belford, to Mr. Robert Lovelace, Esq.","Friday Noon, July 21",1747-07-21,,
349-000,john-belford,,Mr. Belford,,1747-07-21,,
350-000,robert-lovelace,,"Mr. Lovelace, to John Belford, Esq.","Saturday, July 22",1747-07-22,,
351-000,annabella-howe,,"Miss Howe, to Miss Arabella Harlowe","Thursday, July 20",1747-07-20,,
352-000,arabella-harlowe,,Miss Arabella Harlowe,"Thursday, July 20",1747-07-20,,
353-000,annabella-howe,,Miss Howe,"Friday, July 21",1747-07-21,,
354-000,arabella-harlowe,,"Miss Arabella Harlowe, to Miss Howe","Friday, July 21",1747-07-21,,
355-000,annabella-howe,,"Miss Howe, to Miss Arabella Harlowe",Sat. July 22,1747-07-22,,
356-000,charlotte-harlowe,,"Mrs. Harlowe, to Mrs. Howe",Sat. July 22,1747-07-22,,
357-000,annabella-howe,,Mrs. Howe,Sat. July 22,1747-07-22,,
358-000,annabella-howe,,"Miss Howe, to Miss Clarissa Harlowe",Sat. July 22,1747-07-22,,
359-000,clarissa-harlowe,,"Miss Clarissa Harlowe, to Miss Howe","Sunday, July 23",1747-07-23,,
360-000,clarissa-harlowe,,"Miss Clarissa Harlowe, to Miss Howe","Sunday, July 23",1747-07-23,,
361-000,judith-norton,,"Mrs. Norton, to Miss Clarissa Harlowe","Monday, July 24",1747-07-24,,
362-000,clarissa-harlowe,,"Miss Clarissa Harlowe, to Mrs. Norton","Monday Night, July 24",1747-07-24,night,
363-000,clarissa-harlowe,,"Miss Clarissa Harlowe, to Miss Arabella Harlowe","Friday, July 21",1747-07-21,,
364-000,john-belford,,"Mr. Belford, to Robert Lovelace, Esq.","Edgware, Monday, July 24",1747-07-24,,Edgware
365-000,john-belford,,"Mr. Belford, to Robert Lovelace, Esq.","Wednesday, July 26",1747-07-26,,
366-000,john-belford,,"Mr. Belford, to Robert Lovelace, Esq.","Thursday, July 27",1747-07-27,,
367-000,annabella-howe,,"Miss Howe, to Miss Clarissa Harlowe","Tuesday,300 July 25.",1747-07-25,,
368-000,clarissa-harlowe,,"Miss Clarissa Harlowe, to Miss Howe","Thursday, July 27",1747-07-27,,
369-000,clarissa-harlowe,,"Miss Clarissa Harlowe, to Miss Howe","Thursday, July 27",1747-07-27,,
370-000,robert-lovelace,,"Mr. Lovelace, to John Belford, Esq.","Friday, July 28",1747-07-28,,
371-000,robert-lovelace,,"Mr. Lovelace, to John Belford, Esq.",,1747-07-28,,
372-000,annabella-howe,,"Miss Howe, to Miss Clarissa Harlowe","Friday Night, July 28",1747-07-28,night,
373-000,annabella-howe,,"Miss Howe, to the Two Misses Montague",Sat. July 29,1747-07-29,,
374-000,judith-norton,,"Mrs. Norton, to Miss Clarissa Harlowe","Friday, July 28",1747-07-28,,
375-000,judith-norton,,"Mrs. Norton, to Mrs. Harlowe","Friday, July 28",1747-07-28,,
376-000,charlotte-harlowe,,"Mrs. Harlowe, to Mrs. Judith Norton","Sunday, July 30",1747-07-30,,
377-000,clarissa-harlowe,,"Miss Clarissa Harlowe, to Mrs. Judith Norton",Sat. July 29,1747-07-29,,
378-000,arabella-harlowe,,"Miss Ar. Harlowe, to Miss Cl. Harlowe","Thursday, July 27",1747-07-27,,
379-000,clarissa-harlowe,,"Miss Clarissa Harlowe, to Miss Howe","Sunday, July 30",1747-07-30,,
380-000,clarissa-harlowe,,"Miss Clarissa Harlowe, to Miss Harlowe","Saturday, July 29",1747-07-29,,
381-000,judith-norton,,"Mrs. Norton, to Miss Clarissa Harlowe","Monday, July 31",1747-07-31,,
382-000,clarissa-harlowe,,"Miss Clarissa Harlowe, to Mrs. Norton","Wednesday, Aug. 2",1747-08-02,,
383-000,robert-lovelace,,"Mr. Lovelace, to John Belford, Esq.","Tuesday, Aug. 1",1747-08-01,,
384-000,charlotte-montague,,"Miss Montague, to Miss Clarissa Harlowe","Tuesday, Aug. 1",1747-08-01,,
385-000,john-belford,,"Mr. Belford, to Robert Lovelace, Esq.","Thursday Morning, Aug. 3. Six o’clock",1747-08-03,morning,
386-000,clarissa-harlowe,,"Miss Clarissa Harlowe, to Miss Montague","Thursday, Aug. 3",1747-08-03,,
387-000,john-belford,,"Mr. Belford, to Robert Lovelace, Esq.","Thursday Afternoon, Aug. 3",1747-08-03,afternoon,
387-001,clarissa-harlowe,,,Aug. 3.,1747-08-03,,
388-000,john-belford,,"Mr. Belford, to Miss Clarissa Harlowe","Aug. 3, 4",1747-08-03,,
389-000,clarissa-harlowe,,"Miss Clarissa Harlowe, to John Belford, Esq.","Friday, Aug. 4",1747-08-04,,
390-000,john-belford,,"Mr. Belford, to Miss Clarissa Harlowe","Friday, Aug. 4",1747-08-04,,
391-000,john-belford,,"Mr. Belford, to Robert Lovelace, Esq.","Friday Night, Aug. 4",1747-08-04,night,
392-000,arabella-harlowe,,"Miss Ar. Harlowe, to Miss Cl. Harlowe",Thursday Morn. Aug. 3,1747-08-03,morning,
393-000,clarissa-harlowe,,"Miss Clarissa Harlowe, to Her Mother","Saturday, Aug. 5",1747-08-05,,
394-000,,,"Miss Montague, to Miss Clarissa Harlowe","Monday, Aug. 7",1747-08-07,,
395-000,robert-lovelace,,"Mr. Lovelace, to John Belford, Esq.",Sat. Aug. 23,1747-08-23,,
396-000,robert-lovelace,,"Mr. Lovelace, to John Belford, Esq.","Monday, Aug. 7",1747-08-07,,
397-000,robert-lovelace,,Mr. Lovelace to Miss Clarissa Harlowe,"Monday, Aug. 7",1747-08-07,,
398-000,clarissa-harlowe,,"Miss Clarissa Harlowe, to Lord M. and to the Ladies of His House","Tuesday, Aug. 8",1747-08-08,,
399-000,john-belford,,"Mr. Belford, to Robert Lovelace, Esq.","Thursday Night, Aug. 10",1747-08-10,night,
400-000,john-belford,,"Mr. Belford, to Robert Lovelace, Esq.","Friday, Aug. 11",1747-08-11,,
401-000,clarissa-harlowe,,"Miss Cl. Harlowe, to Robert Lovelace, Esq.","Friday, Aug. 11",1747-08-11,,
402-000,john-harlowe,,"Mr. John Harlowe, to Miss Cl. Harlowe","Monday, Aug. 7",1747-08-07,,
403-000,clarissa-harlowe,,"Miss Clarissa Harlowe, to John Harlowe, Esq.","Thursday, Aug. 10",1747-08-10,,
404-000,annabella-howe,,"Miss Howe, to Miss Clarissa Harlowe","Yarmouth, Isle of Wight, Monday, Aug. 7",1747-08-07,,"Yarmouth, Isle of Wight"
405-000,clarissa-harlowe,,"Miss Clarissa Harlowe, to Miss Howe","Friday, Aug. 11",1747-08-11,,
406-000,antony-harlowe,,"Mr. Antony Harlowe, to Miss Cl. Harlowe",Aug. 12,1747-08-12,,
407-000,clarissa-harlowe,,"Miss Cl. Harlowe, to Antony Harlowe, Esq.","Sunday, Aug. 13",1747-08-13,,
408-000,judith-norton,,"Mrs. Norton, to Miss Clarissa Harlowe","Monday, Aug. 14",1747-08-14,,
409-000,clarissa-harlowe,,"Miss Clarissa Harlowe, to Mrs. Norton","Thursday, Aug. 27",1747-08-27,,
410-000,robert-lovelace,,"Mr. Lovelace, to John Belford, Esq.","Sunday, Aug. 13",1747-08-13,,
411-000,john-belford,,"Mr. Belford, to Robert Lovelace, Esq.","Monday, Aug. 15",1747-08-15,,
412-000,robert-lovelace,,"Mr. Lovelace, to John Belford, Esq.","Tuesday, Aug. 16",1747-08-16,,
413-000,john-belford,,"Mr. Belford, to Robert Lovelace, Esq.","Thursday, Aug. 17",1747-08-17,,
414-000,john-belford,,"Mr. Belford, to Miss Clarissa Harlowe",Sat. Morn. Aug. 19,1747-08-19,,
415-000,robert-lovelace,,"Mr. Lovelace, to John Belford, Esq.","Sunday, Aug. 20",1747-08-20,,
416-000,robert-lovelace,,"Mr. Lovelace, to John Belford, Esq.","London, Aug. 21, Monday",1747-08-21,,London
417-000,robert-lovelace,,"Mr. Lovelace, to John Belford, Esq.","Tuesday, Aug. 22",1747-08-22,,
418-000,robert-lovelace,,"Mr. Lovelace, to John Belford, Esq.",,1747-08-22,,
419-000,john-belford,,"Mr. Belford, to Robert Lovelace, Esq.","Tuesday, Aug. 22",1747-08-22,,
420-000,john-belford,,"Mr. Belford, to Robert Lovelace, Esq.",Wednesday Morn. 11 o’clock,1747-08-23,morning,
421-000,robert-lovelace,,"Mr. Lovelace, to John Belford, Esq.",Wednesday Morn. Aug. 23,1747-08-23,morning,
421-001,clarissa-harlowe,,,"Tuesday Night, 11 o’clock (Aug. 22).",1747-08-22,morning,
422-000,robert-lovelace,,"Mr. Lovelace, to John Belford, Esq.",Wedn. Evening,1747-08-23,evening,
423-000,robert-lovelace,,"Mr. Lovelace, to John Belford, Esq.",,1747-08-23,,
424-000,john-belford,,"Mr. Belford, to Robert Lovelace, Esq.","Wednesday, Three o’clock",1747-08-23,afternoon,
425-000,robert-lovelace,,"Mr. Lovelace, to John Belford, Esq.","Aug. 24, Thursday Morning",1747-08-24,morning,
426-000,john-belford,,"Mr. Belford, to Robert Lovelace, Esq.",Sat. Aug. 26,1747-08-26,,
427-000,arthur-lewen,,"The Rev. Dr. Lewen, to Miss Cl. Harlowe","Friday, Aug. 18",1747-08-18,,
428-000,clarissa-harlowe,,"Miss Cl. Harlowe, to the Rev. Dr. Lewen",Sat. Aug. 19,1747-08-19,,
429-000,arabella-harlowe,,"Miss Arab. Harlowe, to Miss Cl. Harlowe","Monday, Aug. 21",1747-08-21,,
430-000,clarissa-harlowe,,"Miss Cl. Harlowe, to Miss Arab. Harlowe","Tuesday, Aug. 22",1747-08-22,,
431-000,judith-norton,,"Mrs. Norton, to Miss Clarissa Harlowe","Tuesday, Aug. 22",1747-08-22,,
432-000,judith-norton,,"Mrs. Norton, to Miss Clarissa Harlowe","Tuesday, Aug. 22",1747-08-22,,
433-000,clarissa-harlowe,,"Miss Cl. Harlowe, to Mrs. Judith Norton","Thursday, Aug. 24",1747-08-24,,
434-000,annabella-howe,,"Miss Howe, to Miss Clarissa Harlowe","Yarmouth, Isle of Wight, Aug. 23347",1747-08-23,,"Yarmouth, Isle of Wight"
435-000,clarissa-harlowe,,"Miss Clarissa Harlowe, to Miss Howe","Friday, Aug. 25",1747-08-25,,
436-000,clarissa-harlowe,,"Miss Clarissa Harlowe, to Miss Howe",,1747-08-25,,
437-000,alex-wyerley,,"Mr. Wyerley, to Miss Clarissa Harlowe","Wednesday, Aug. 23",1747-08-23,,
438-000,clarissa-harlowe,,"Miss Cl. Harlowe, to Alex. Wyerley, Esq.",Sat. Aug. 26,1747-08-26,,
439-000,robert-lovelace,,"Mr. Lovelace, to John Belford, Esq.","Monday Noon, Aug. 28",1747-08-28,morning,
440-000,john-belford,,"Mr. Belford, to Robert Lovelace, Esq.","Monday Night, Aug. 28",1747-08-28,night,
441-000,john-belford,,"Mr. Belford, to Robert Lovelace, Esq.","Wednesday, Aug. 30",1747-08-30,,
442-000,robert-lovelace,,"Mr. Lovelace, to John Belford, Esq.",Tuesday Morn. Aug. 29,1747-08-29,morning,
443-000,robert-lovelace,,Mr. Lovelace,"Tuesday Afternoon, Aug. 29",1747-08-29,afternoon,
444-000,elias-brand,,"Mr. Brand, to John Harlowe, Esq.",,1747-08-29,,
445-000,john-belford,,"Mr. Belford, to Robert Lovelace, Esq.","Wednesday Night, Aug. 30",1747-08-30,night,
446-000,john-belford,,"Mr. Belford, to Robert Lovelace, Esq.","Thursday, 11 o’clock, Aug. 31",1747-08-31,morning,
447-000,william-morden,,"Colonel Morden, to Miss Clarissa Harlowe","Tuesday, Aug. 29",1747-08-29,,
448-000,clarissa-harlowe,,"Miss Clarissa Harlowe, to Wm. Morden, Esq.","Thursday, Aug. 31",1747-08-31,,
449-000,robert-lovelace,,"Mr. Lovelace, to John Belford, Esq.","Thursday, Aug. 31",1747-08-31,,
450-000,john-belford,,"Mr. Belford, to Robert Lovelace, Esq.","Tuesday Night, Aug. 30",1747-08-30,night,
451-000,john-belford,,"Mr. Belford, to Robert Lovelace, Esq.",Friday Morn. Sept. 1,1747-09-01,morning,
452-000,john-belford,,"Mr. Belford, to Robert Lovelace, Esq.","Friday, Sept. 1",1747-09-01,,
453-000,robert-lovelace,,"Mr. Lovelace, to John Belford, Esq.","Uxbridge, Sept. 1, Twelve o’clock at Night",1747-09-01,night,Uxbridge
454-000,john-belford,,"Mr. Belford, to Robert Lovelace, Esq.","Sat. Morning, Sept. 2",1747-09-02,morning,
455-000,annabella-howe,,"Miss Howe, to Miss Clarissa Harlowe","Tuesday, Aug. 29",1747-08-29,,
456-000,annabella-howe,,"Miss Howe, to Miss Clarissa Harlowe","Thursday, August 31",1747-08-31,,
457-000,john-belford,,"Mr. Belford, to Robert Lovelace, Esq.","Sunday Evening, Sept. 3",1747-09-03,evening,
458-000,clarissa-harlowe,,"Miss Clarissa Harlowe, to Miss Howe","Saturday, Sept. 2",1747-09-02,,
459-000,judith-norton,,"Mrs. Norton, to Miss Clarissa Harlowe","Thursday, Aug. 31",1747-08-31,,
460-000,john-belford,,"Mr. Belford, to Robert Lovelace, Esq.","Monday, Sept. 4",1747-09-04,,
461-000,,,"Dr. H. to James Harlowe, Senior, Esq.","London, Sept. 4",1747-09-04,,London
462-000,john-belford,,"Mr. Belford, to William Morden, Esq.","London, Sept. 4",1747-09-04,,London
463-000,robert-lovelace,,"Mr. Lovelace, to John Belford, Esq.","Uxbridge, Tuesday Morn, Between 4 and 5",1747-09-05,morning,Uxbridge
464-000,john-belford,,"Mr. Belford, to Robert Lovelace, Esq.",Tues. Sept. 9 in the Morn. at Mr. Smith’s,1747-09-05,morning,
465-000,clarissa-harlowe,,"Miss Clarissa Harlowe, to Mrs. Norton",,1747-09-05,,
466-000,robert-lovelace,,"Mr. Lovelace, to John Belford, Esq.","Wed. Morn. Sept. 6, half an hour after Three",1747-09-06,morning,
467-000,john-belford,,"Mr. Belford, to Robert Lovelace, Esq.","Tueday, Sept. 5, Six o’clock",1747-09-05,morning,
468-000,elias-brand,,"Mr. Brand, to Mr. John Walton","Sat. Night, Sept. 2",1747-09-02,night,
469-000,elias-brand,,"Mr. Brand, to John Harlowe, Esq.","Sat. Night, Sept. 2",1747-09-02,night,
470-000,robert-lovelace,,"Mr. Lovelace, to John Belford, Esq.",Wedn. Morn. Sept. 6,1747-09-06,morning,
471-000,john-belford,,"Mr. Belford, to Robert Lovelace, Esq.","Wedn. Morn. Eight o’clock, (6 Sept.)",1747-09-06,morning,
472-000,robert-lovelace,,"Mr. Lovelace, to John Belford, Esq.","Kensington, Wednesday Noon",1747-09-06,morning,Kensington
473-000,john-belford,,"Mr. Belford, to Robert Lovelace, Esq.","Wednesday, Eleven o’clock",1747-09-06,morning,
473-001,annabella-howe,,,"Tuesday, Sept. 5 .",1747-09-05,,
473-002,clarissa-harlowe,,,Wedn. Near Three o’clock.,1747-09-06,afternoon,
474-000,john-belford,,Mr. Belford,,1747-09-06,,
475-000,john-belford,,Mr. Belford,"Soho, Six o’clock, Sept. 7",1747-09-07,morning,Soho
476-000,john-belford,,Mr. Belford,,1747-09-07,,
477-000,john-belford,,"Mr. Belford, to Richard Mowbray, Esq.",Thursday Afternoon,1747-09-07,afternoon,
478-000,robert-lovelace,,"Mr. Lovelace, to John Belford, Esq.",,1747-09-07,,
479-000,john-belford,,"Mr. Belford, to Robert Lovelace, Esq.","Seven o’clock, Thursday Evening, Sept. 7",1747-09-07,evening,
480-000,richard-mowbray,,"Mr. Mowbray, to John Belford, Esq.","Uxbridge, Sept. 7, Between Eleven and Twelve at Night",1747-09-07,night,Uxbridge
481-000,john-belford,,"Mr. Belford, to Robert Lovelace, Esq.",Thursday Night,1747-09-07,night,
482-000,john-belford,,"Mr. Belford, to Robert Lovelace, Esq.","Nine, Friday Morn",1747-09-08,morning,
483-000,judith-norton,,"Mrs. Norton, to Miss Clarissa Harlowe","Wednesday, Sept. 6",1747-09-06,,
484-000,arabella-harlowe,,"Miss Arab. Harlowe, to Miss Cl. Harlowe",Wedn. Morn. Sept. 6,1747-09-06,morning,
485-000,john-harlowe,,"To His Dear Niece, Miss Clarissa Harlowe","Wednesday, Sept. 6",1747-09-06,,
486-000,john-belford,,"Mr. Belford, to Robert Lovelace, Esq.","Friday Night, Sept. 8, Past Ten",1747-09-08,night,
486-001,clarissa-harlowe,,,"Sunday Evening, Sept. 3.",1747-09-03,evening,
486-002,william-morden,,,Friday Morn. Sept. 8.,1747-09-08,morning,
487-000,john-belford,,"Mr. Belford, to Robert Lovelace, Esq.",Sat. Ten o’clock,1747-09-09,morning,
488-000,clarissa-harlowe,,"To the Ever-Honoured Jas. Harlowe, Sen. Esq.",,1747-09-03,,
489-000,clarissa-harlowe,,To the Ever-Honoured Mrs. Harlowe,,1747-09-03,,
490-000,clarissa-harlowe,,"To James Harlowe, Jun. Esq.",,1747-09-03,,
491-000,clarissa-harlowe,,To Miss Harlowe,,1747-09-03,,
492-000,clarissa-harlowe,,"To John and Antony Harlowe, Esqrs",,1747-09-03,,
493-000,john-belford,,"Mr. Belford, to Robert Lovelace, Esq.","Sat. Afternoon, Sept. 9",1747-09-09,afternoon,
494-000,john-belford,,"Mr. Belford, to Robert Lovelace, Esq.",Sat. Night,1747-09-09,,
494-001,james-harlowe-jr,,,"Saturday, Sept. 9.",1747-09-09,,
495-000,john-belford,,"Mr. Belford, to Robert Lovelace, Esq.","Sunday Morn. Eight o’clock, Sept. 10",1747-09-10,morning,
496-000,richard-mowbray,,"Mr. Mowbray, to John Belford, Esq.","Uxbridge, Sunday Morn. Nine o’clock",1747-09-10,morning,Uxbridge
497-000,robert-lovelace,,"Mr. Lovelace, to John Belford, Esq.","Uxbridge, Sat. Sept. 9",1747-09-09,,Uxbridge
498-000,john-belford,,"Mr. Belford, to Richard Mowbray, Esq.","Sunday, Sept. 10. Four in the Afternoon",1747-09-10,afternoon,
499-000,john-belford,,"Mr. Belford, to Robert Lovelace, Esq.",,1747-09-10,,
500-000,william-morden,,"Colonel Morden, to John Belford, Esq.","Sunday Night, Sept. 10",1747-09-10,night,
501-000,william-morden,,Colonel Morden,,1747-09-10,,
502-000,william-morden,,Colonel Morden,"Monday Afternoon, Sept. 11",1747-09-11,,
503-000,william-morden,,Colonel Morden,"Tuesday Morning, Sept. 12",1747-09-12,morning,
504-000,william-morden,,Colonel Morden,"Thursday Night, Sept. 14",1747-09-14,night,
505-000,john-belford,,"Mr. Belford, to William Morden, Esq.","Saturday, Sept. 16",1747-09-16,,
506-000,james-harlowe-sr,,"Mr. James Harlowe, to John Belford, Esq. Harlowe-Place,","Friday Night, Sept. 15",1747-09-15,night,
507-000,john-belford,,"Mr. Belford, to Mr. James Harlowe, Jun. Esq.","Saturday, Sept. 16",1747-09-16,,
508-000,william-morden,,"Colonel Morden, to John Belford, Esq.",Sat. Sept. 16,1747-09-16,,
509-000,john-belford,,"Mr. Belford, to the Right Hon. Lord M.","London, Sept. 14",1747-09-14,,London
510-000,charlotte-montague,,"Miss Montague, to John Belford, Esq. M. Hall,","Friday, Sept. 15",1747-09-15,,
511-000,robert-lovelace,,"Mr. Lovelace, to John Belford, Esq.","M. Hall, Thursday, Sept. 14",1747-09-14,,M. Hall
512-000,robert-lovelace,,"Mr. Lovelace, to John Belford, Esq.","Wednesday, Sept. 20",1747-09-20,,
513-000,robert-lovelace,,"Mr. Lovelace, to John Belford, Esq.",,1747-09-21,,
514-000,john-belford,,"Mr. Belford, to Robert Lovelace, Esq.","Friday, Sept. 22",1747-09-22,,
515-000,robert-lovelace,,"Mr. Lovelace, to John Belford, Esq.","Tuesday, Sept. 26",1747-09-26,,
516-000,robert-lovelace,,"Mr. Lovelace, to John Belford, Esq.",,1747-09-21,,
517-000,john-belford,,"Mr. Belford, to Colonel Morden","Thursday, Sept. 21",1747-09-21,,
518-000,clarissa-harlowe,,To Col. Morden,,1747-09-03,,
519-000,william-morden,,"Colonel Morden, to John Belford, Esq.","Saturday, Sept. 23",1747-09-23,,
520-000,william-morden,,"Colonel Morden, to John Belford, Esq.","Tuesday, Sept. 26",1747-09-26,,
521-000,john-belford,,"Mr. Belford, to Miss Howe","Thursday, Sept. 28",1747-09-28,,
522-000,annabella-howe,,"Miss Howe, to John Belford, Esq.","Saturday, Sept. 30",1747-09-30,,
523-000,annabella-howe,,"Miss Howe, to John Belford, Esq.","Monday, Oct. 2",1747-10-02,,
524-000,john-belford,,"Mr. Belford, to Miss Howe","Thursday Night, Oct. 5",1747-10-05,night,
525-000,lord-montague,,"Lord M. to John Belford, Esq. M. Hall,","Friday, Sept. 29",1747-09-29,,
526-000,john-belford,,"Mr. Belford, to Lord M.","London, Tuesday Night, Oct. 3",1747-10-03,night,London
527-000,john-belford,,"Mr. Belford, to Lord M.","Wedn. Night, Oct. 4",1747-10-04,night,
528-000,john-belford,,"Mr. Belford, to Lord M.","Thursday Morning, Oct. 5",1747-10-05,morning,
529-000,annabella-howe,,"Miss Howe, to John Belford, Esq.","Thursday, Oct. 12",1747-10-12,,
530-000,robert-lovelace,,"Mr. Lovelace, to John Belford, Esq.","Paris, Oct. 14",1747-10-14,,Paris
531-000,john-belford,,"Mr. Belford, to Robert Lovelace, Esq.","London, Oct. 25",1747-10-25,,London
532-000,robert-lovelace,,"Mr. Lovelace, to John Belford, Esq.","Paris, Oct. 16 / 27",1747-10-16,,Paris
533-000,john-belford,,"Mr. Belford, to Robert Lovelace, Esq.","London, Oct. 26",1747-10-26,,London
534-000,robert-lovelace,,"Mr. Lovelace, to John Belford, Esq.","Munich, Nov. 11 / 22",1747-11-11,,Munich
535-000,robert-lovelace,,"Mr. Lovelace, to John Belford, Esq.","Lintz, Nov. 28 / Dec. 9",1747-11-28,,Lintz
535-001,william-morden,,,"Munich, Nov. 21 / Dec. 2.",1747-11-21,,Munich
535-002,robert-lovelace,,,"Vienna, Nov. 25 / Dec. 6.",1747-11-25,,Vienna
536-000,robert-lovelace,,"Mr. Lovelace, to John Belford, Esq.","Trent, Dec. 3 / 14",1747-12-03,,Trent
537-000,fj-de-la-tour,,Translation of a Letter from F. J. de la Tour,"Near Soho-square, London. Trent, Dec. 18, N.S.",1747-12-18,,"Near Soho-square, London"